HFA;1
HFA;2
HFA;3
HFA;4
HFA;5
HFA;6
HFA;8
HRAN;1
HRAN;2
HRAN;3
HRAN;5
HRAN;6
HRAN;7
AeroJK;2
AeroJK;3
AeroJK;4
AeroJK;5
AeroJK;6
AeroJK;7
AeroJK;8
Santa Lucia;1
Santa Lucia;3
Santa Lucia;4
Santa Lucia;5
Santa Lucia;6
Santa Lucia;7
Hosp Sob;3
Hosp Sob;4
Hosp Sob;5
PS Guar치;3
PS Guar치;5
PS Guar치;6
PS Cruz;5
PS Cruz;6
PS Cruz;7
PS Asa Sul;6
PS Asa Sul;8
Hosp Tag;5
Hosp Tag;7
Hosp Tag;8
PS Ceil;7
PS Ceil;8
PS Ceil;9
PS Recanto;8
PS Recanto;9
PS Recanto;10
Pal Buriti;8
Pal Buriti;9
Pal Buriti;10
Pal Buriti;12
Pal Buriti;13
BSB Shop;7
BSB Shop;8
BSB Shop;9
BSB Shop;10
BSB Shop;12
BSB Shop;13
Patio Brasil;6
Patio Brasil;7
Patio Brasil;9
Patio Brasil;10
Patio Brasil;11
Patio Brasil;12
Patio Brasil;13
HFA;7
HFA;8
HFA;10
HFA;11
Patio Brasil;8
BSB Shop;9
Pal Buriti;9
PS Guar치;7
PS Ceil;8
PS Cruz;8
Maple Bear;8
210 Blc A;9
Maple Bear;11
210 Blc A;11
Maple Bear;12
210 Blc A;12
Maple Bear;14
210 Blc A;14